{"accuracy": [0.7120000123977661, 0.7741000056266785, 0.7742999792098999, 0.7736999988555908, 0.7738999724388123, 0.7743499875068665, 0.7743499875068665, 0.7743499875068665, 0.7743499875068665, 0.7743499875068665, 0.7743499875068665, 0.7913500070571899, 0.8195000290870667, 0.8291000127792358, 0.8377500176429749, 0.8445000052452087, 0.85589998960495, 0.8596000075340271, 0.8629999756813049, 0.8631500005722046, 0.8636000156402588, 0.8676499724388123, 0.8746500015258789, 0.8745499849319458, 0.8733500242233276, 0.8771499991416931, 0.8795999884605408, 0.8736000061035156, 0.8741999864578247, 0.8842499852180481, 0.8885999917984009, 0.8922500014305115, 0.8841500282287598, 0.8882499933242798, 0.8955000042915344, 0.9034500122070312, 0.9024500250816345, 0.8898000121116638, 0.9020500183105469, 0.9124000072479248, 0.9086999893188477, 0.9132500290870667, 0.9112499952316284, 0.9112499952316284, 0.9127500057220459, 0.9175000190734863, 0.9164000153541565, 0.9160500168800354, 0.9174500107765198, 0.9191499948501587, 0.9150500297546387, 0.9146000146865845, 0.9125499725341797, 0.9128999710083008, 0.9182000160217285, 0.9183499813079834, 0.9150000214576721, 0.9217000007629395, 0.9204000234603882, 0.9183499813079834], "loss": [3.1106908321380615, 0.5246051549911499, 0.5137488842010498, 0.48748788237571716, 0.4615105092525482, 0.43468326330184937, 0.4207116663455963, 0.40516120195388794, 0.39460283517837524, 0.3960075080394745, 0.3848433494567871, 0.37063226103782654, 0.36132049560546875, 0.3546818792819977, 0.3467782139778137, 0.33778753876686096, 0.328472375869751, 0.319879412651062, 0.31365057826042175, 0.3123636841773987, 0.31047922372817993, 0.30055785179138184, 0.29030659794807434, 0.2863536775112152, 0.2862706184387207, 0.27960461378097534, 0.2716244161128998, 0.27941012382507324, 0.28026944398880005, 0.26570215821266174, 0.25484907627105713, 0.24913014471530914, 0.2600446045398712, 0.2578565180301666, 0.2437211126089096, 0.22546391189098358, 0.24081899225711823, 0.2575397789478302, 0.2355698198080063, 0.21878764033317566, 0.2225334495306015, 0.21708649396896362, 0.21771879494190216, 0.21930623054504395, 0.21234670281410217, 0.20865343511104584, 0.20735788345336914, 0.2032380849123001, 0.20303571224212646, 0.1994759440422058, 0.20097745954990387, 0.20441804826259613, 0.21394190192222595, 0.2127251923084259, 0.19593645632266998, 0.19490398466587067, 0.20636506378650665, 0.19200238585472107, 0.19054582715034485, 0.19595739245414734], "val_accuracy": [0.7687000036239624, 0.7687000036239624, 0.7687125205993652, 0.7602624893188477, 0.7687000036239624, 0.7687000036239624, 0.7687000036239624, 0.7687000036239624, 0.7687000036239624, 0.7687000036239624, 0.7687125205993652, 0.8103625178337097, 0.8223875164985657, 0.8344874978065491, 0.838112473487854, 0.841362476348877, 0.8463500142097473, 0.8525375127792358, 0.8502249717712402, 0.8500499725341797, 0.8490124940872192, 0.8581874966621399, 0.8620499968528748, 0.8652374744415283, 0.8631500005722046, 0.8684124946594238, 0.8681750297546387, 0.8568249940872192, 0.8584625124931335, 0.8616625070571899, 0.8771499991416931, 0.8482375144958496, 0.8734375238418579, 0.8611000180244446, 0.8872249722480774, 0.8887500166893005, 0.8874750137329102, 0.8779000043869019, 0.8944249749183655, 0.8991624712944031, 0.898312509059906, 0.9009125232696533, 0.9020500183105469, 0.9034125208854675, 0.9008625149726868, 0.8965250253677368, 0.9036499857902527, 0.8972874879837036, 0.9010124802589417, 0.902412474155426, 0.8933125138282776, 0.8981000185012817, 0.8980000019073486, 0.8998374938964844, 0.9017500281333923, 0.8874750137329102, 0.8957250118255615, 0.9011499881744385, 0.8944875001907349, 0.8931124806404114], "val_loss": [0.5526010990142822, 0.5326342582702637, 0.507866621017456, 0.5035123825073242, 0.451570987701416, 0.4472166895866394, 0.42912593483924866, 0.4050901532173157, 0.421446293592453, 0.3888678252696991, 0.38553082942962646, 0.38007310032844543, 0.3809598386287689, 0.3736802041530609, 0.37375038862228394, 0.36080995202064514, 0.3436594605445862, 0.3574543595314026, 0.35663941502571106, 0.3375788927078247, 0.34385836124420166, 0.32561665773391724, 0.3211744725704193, 0.3224128782749176, 0.3440166413784027, 0.3294784426689148, 0.3307814598083496, 0.33328279852867126, 0.3239997923374176, 0.3099798262119293, 0.2920064330101013, 0.344709187746048, 0.3051747679710388, 0.3106932044029236, 0.2687751054763794, 0.27775323390960693, 0.30580568313598633, 0.309249609708786, 0.27984291315078735, 0.2502513527870178, 0.27457791566848755, 0.26089754700660706, 0.24338112771511078, 0.2591100037097931, 0.24395136535167694, 0.26762694120407104, 0.2475464642047882, 0.25447747111320496, 0.2705133259296417, 0.2559964656829834, 0.2615877091884613, 0.2675734758377075, 0.2499537616968155, 0.2525414824485779, 0.23751766979694366, 0.2673068940639496, 0.2618367373943329, 0.2509784996509552, 0.278569757938385, 0.3077199161052704]}