{"accuracy": [0.7372999787330627, 0.7743499875068665, 0.7759000062942505, 0.7843000292778015, 0.7853500247001648, 0.7835000157356262, 0.7860999703407288, 0.7929499745368958, 0.8051000237464905, 0.8173999786376953, 0.8320000171661377, 0.8427500128746033, 0.8496999740600586, 0.8561000227928162, 0.8604000210762024, 0.8646500110626221, 0.8709499835968018, 0.8742499947547913, 0.8805500268936157, 0.8855000138282776, 0.8892999887466431, 0.8931000232696533, 0.8978999853134155, 0.8999500274658203, 0.9024500250816345, 0.9055500030517578, 0.908050000667572, 0.9100000262260437, 0.9110000133514404, 0.914650022983551, 0.9158499836921692, 0.9180999994277954, 0.9192500114440918, 0.9226499795913696, 0.9244499802589417, 0.9260500073432922, 0.9276000261306763, 0.9272000193595886, 0.9292500019073486, 0.9302999973297119, 0.9329000115394592, 0.9338499903678894, 0.9359999895095825, 0.937749981880188, 0.939050018787384, 0.9384499788284302, 0.9401999711990356, 0.9419000148773193, 0.9416499733924866, 0.9426500201225281, 0.9452000260353088, 0.9460499882698059, 0.947700023651123, 0.9465000033378601, 0.946150004863739, 0.9483500123023987, 0.9476000070571899, 0.9503999948501587, 0.9528499841690063, 0.9522500038146973], "loss": [0.574606716632843, 0.5058972239494324, 0.4695228636264801, 0.44520649313926697, 0.4289005994796753, 0.41583237051963806, 0.4047464430332184, 0.39240574836730957, 0.38065943121910095, 0.3669331669807434, 0.35266682505607605, 0.3396911919116974, 0.3277948200702667, 0.3170328736305237, 0.307995080947876, 0.29799580574035645, 0.2892356216907501, 0.2808360159397125, 0.2725544571876526, 0.26503875851631165, 0.2569717764854431, 0.25031617283821106, 0.24389232695102692, 0.23879499733448029, 0.23236589133739471, 0.22804826498031616, 0.2220601737499237, 0.21860317885875702, 0.21524031460285187, 0.2087147980928421, 0.20448918640613556, 0.20108237862586975, 0.19662117958068848, 0.19175663590431213, 0.18831829726696014, 0.18537798523902893, 0.18184685707092285, 0.18291139602661133, 0.17755593359470367, 0.17333872616291046, 0.17081579566001892, 0.16729293763637543, 0.16334009170532227, 0.1604926735162735, 0.15903355181217194, 0.15714235603809357, 0.1543312817811966, 0.15077786147594452, 0.15045341849327087, 0.14843814074993134, 0.14462393522262573, 0.14306306838989258, 0.13993094861507416, 0.14158883690834045, 0.1400708705186844, 0.1362367421388626, 0.13695384562015533, 0.13219957053661346, 0.12877362966537476, 0.1285463571548462], "val_accuracy": [0.7687000036239624, 0.7687249779701233, 0.7780125141143799, 0.782087504863739, 0.7788125276565552, 0.7779625058174133, 0.7829625010490417, 0.7904124855995178, 0.8045499920845032, 0.8149750232696533, 0.8274499773979187, 0.8369374871253967, 0.8443999886512756, 0.8484874963760376, 0.8508375287055969, 0.8596875071525574, 0.8592625260353088, 0.8639500141143799, 0.8701000213623047, 0.871749997138977, 0.8755499720573425, 0.8774250149726868, 0.8772500157356262, 0.8828125, 0.8842874765396118, 0.8854374885559082, 0.8879374861717224, 0.8890249729156494, 0.8899875283241272, 0.892799973487854, 0.8930249810218811, 0.8941375017166138, 0.8971499800682068, 0.8966749906539917, 0.8968250155448914, 0.8987874984741211, 0.8987874984741211, 0.8976250290870667, 0.9011625051498413, 0.9010124802589417, 0.901562511920929, 0.9031375050544739, 0.9037874937057495, 0.9034374952316284, 0.9049124717712402, 0.9047750234603882, 0.9055874943733215, 0.905412495136261, 0.9065499901771545, 0.9065374732017517, 0.9065250158309937, 0.9068124890327454, 0.9029750227928162, 0.9063624739646912, 0.9082000255584717, 0.9071124792098999, 0.9076625108718872, 0.9094625115394592, 0.9065124988555908, 0.9091500043869019], "val_loss": [0.5264167189598083, 0.4926745593547821, 0.4621735215187073, 0.44255897402763367, 0.42779844999313354, 0.4160776436328888, 0.40628963708877563, 0.3954571485519409, 0.38298970460891724, 0.3698565363883972, 0.3566786050796509, 0.3446137607097626, 0.3350607454776764, 0.32700392603874207, 0.3200613260269165, 0.31356751918792725, 0.3046398460865021, 0.29764801263809204, 0.2919287085533142, 0.28529760241508484, 0.28095826506614685, 0.2757684290409088, 0.27495667338371277, 0.2691916823387146, 0.2660990357398987, 0.26236775517463684, 0.2573951482772827, 0.25631046295166016, 0.2538776397705078, 0.24931135773658752, 0.24900810420513153, 0.24680571258068085, 0.24326401948928833, 0.24108362197875977, 0.2407219260931015, 0.23901423811912537, 0.23907974362373352, 0.24093759059906006, 0.23274855315685272, 0.23632453382015228, 0.23387658596038818, 0.2306552231311798, 0.2285718470811844, 0.22916720807552338, 0.22838230431079865, 0.22699767351150513, 0.22641809284687042, 0.22579871118068695, 0.2258707582950592, 0.225530743598938, 0.22482995688915253, 0.22541162371635437, 0.23076964914798737, 0.22735273838043213, 0.22160787880420685, 0.2250322699546814, 0.22719328105449677, 0.22337348759174347, 0.22626255452632904, 0.22849948704242706]}