{"accuracy": [0.745199978351593, 0.77920001745224, 0.8042500019073486, 0.8426499962806702, 0.8587499856948853, 0.8748499751091003, 0.8847500085830688, 0.8948500156402588, 0.9041000008583069, 0.9125000238418579, 0.9204999804496765, 0.9283999800682068, 0.9327499866485596, 0.9419999718666077, 0.9447000026702881, 0.9492499828338623, 0.9536499977111816, 0.9552500247955322, 0.9589999914169312, 0.9646499752998352, 0.9675499796867371, 0.9700999855995178, 0.9720500111579895, 0.9765499830245972, 0.9782000184059143, 0.9786999821662903, 0.9800500273704529, 0.9818500280380249, 0.9818000197410583, 0.98294997215271, 0.9843500256538391, 0.9872000217437744, 0.9846000075340271, 0.9850500226020813, 0.9881500005722046, 0.9880499839782715, 0.9894999861717224, 0.9916999936103821, 0.9940500259399414, 0.994700014591217, 0.9927999973297119, 0.9914000034332275, 0.9929500222206116, 0.9939500093460083, 0.9930999875068665, 0.9940000176429749, 0.9952499866485596, 0.9945499897003174, 0.9945999979972839, 0.9934499859809875, 0.9921500086784363, 0.9930999875068665, 0.9926000237464905, 0.9941499829292297, 0.9947500228881836, 0.9936500191688538, 0.9916499853134155, 0.9927999973297119, 0.9928500056266785, 0.9919000267982483], "loss": [0.5242767930030823, 0.43008455634117126, 0.375954806804657, 0.3304370641708374, 0.30678069591522217, 0.279568076133728, 0.2607573866844177, 0.2399020493030548, 0.22238947451114655, 0.2055376172065735, 0.18628230690956116, 0.17053407430648804, 0.15966734290122986, 0.14499101042747498, 0.13404975831508636, 0.12719768285751343, 0.11724710464477539, 0.11516650021076202, 0.10763970762491226, 0.09454559534788132, 0.08470272272825241, 0.08164989203214645, 0.07457602024078369, 0.06424816697835922, 0.057050567120313644, 0.05967609956860542, 0.05659158155322075, 0.05440764129161835, 0.05084220692515373, 0.04862599819898605, 0.042928650975227356, 0.039156846702098846, 0.04289015755057335, 0.04132853448390961, 0.034005433320999146, 0.033623430877923965, 0.029106799513101578, 0.0262357909232378, 0.020218076184391975, 0.019735004752874374, 0.023071521893143654, 0.024966180324554443, 0.02074887603521347, 0.021695952862501144, 0.020341290161013603, 0.01905297115445137, 0.01650712825357914, 0.016635237261652946, 0.016425643116235733, 0.019026193767786026, 0.022211523726582527, 0.020528990775346756, 0.020121799781918526, 0.017544973641633987, 0.016008196398615837, 0.019523007795214653, 0.02424514852464199, 0.020582804456353188, 0.02030346356332302, 0.02147081308066845], "val_accuracy": [0.7749249935150146, 0.7738249897956848, 0.826449990272522, 0.843500018119812, 0.8612124919891357, 0.8748624920845032, 0.8808000087738037, 0.8853499889373779, 0.8913124799728394, 0.8938999772071838, 0.8979125022888184, 0.8985249996185303, 0.9055250287055969, 0.9035750031471252, 0.907212495803833, 0.9032874703407288, 0.9054375290870667, 0.9023000001907349, 0.9035624861717224, 0.9079625010490417, 0.9071999788284302, 0.9042750000953674, 0.9076874852180481, 0.9081249833106995, 0.8985249996185303, 0.9036625027656555, 0.9070249795913696, 0.9012125134468079, 0.902162492275238, 0.9075124859809875, 0.9073874950408936, 0.9051250219345093, 0.9017375111579895, 0.9071249961853027, 0.9049999713897705, 0.9059625267982483, 0.9058499932289124, 0.9064000248908997, 0.9039999842643738, 0.9045624732971191, 0.900600016117096, 0.9063249826431274, 0.9036750197410583, 0.9076874852180481, 0.9072625041007996, 0.905287504196167, 0.9071875214576721, 0.9062749743461609, 0.9057999849319458, 0.9031624794006348, 0.9064750075340271, 0.908887505531311, 0.9052249789237976, 0.9009875059127808, 0.9072625041007996, 0.9032250046730042, 0.9031875133514404, 0.9059000015258789, 0.9052000045776367, 0.9023249745368958], "val_loss": [0.4572620987892151, 0.4075636863708496, 0.356119841337204, 0.3292931616306305, 0.31129273772239685, 0.284971684217453, 0.2785013020038605, 0.2632830739021301, 0.25497713685035706, 0.24498774111270905, 0.24242019653320312, 0.2341356724500656, 0.2328122854232788, 0.23533478379249573, 0.23754669725894928, 0.2513011395931244, 0.25410333275794983, 0.2592640221118927, 0.2598029673099518, 0.2603694200515747, 0.28105029463768005, 0.2811620235443115, 0.3164110481739044, 0.30908939242362976, 0.3247585892677307, 0.3276677131652832, 0.3336030840873718, 0.3543756902217865, 0.34711334109306335, 0.3736288845539093, 0.36547818779945374, 0.3791869878768921, 0.3909529149532318, 0.39116641879081726, 0.4086245000362396, 0.4270747900009155, 0.41390323638916016, 0.42666444182395935, 0.45645079016685486, 0.45188120007514954, 0.4846855103969574, 0.4613826274871826, 0.46822670102119446, 0.4791620075702667, 0.4943149983882904, 0.4784562587738037, 0.5059935450553894, 0.5307167172431946, 0.5224334597587585, 0.5245874524116516, 0.5130923390388489, 0.5265010595321655, 0.5330560803413391, 0.5377163887023926, 0.5457363128662109, 0.5571277737617493, 0.5522740483283997, 0.5428799390792847, 0.5641633868217468, 0.5857232809066772]}