{"accuracy": [0.8565199971199036, 0.9226999878883362, 0.9367849826812744, 0.9424800276756287, 0.9456350207328796, 0.9484050273895264, 0.9505699872970581, 0.9523599743843079, 0.95319002866745, 0.9551249742507935, 0.9549700021743774, 0.9565849900245667, 0.9570450186729431, 0.9583699703216553, 0.9579150080680847, 0.9590349793434143, 0.9595249891281128, 0.960004985332489, 0.959879994392395, 0.9614700078964233, 0.9619899988174438, 0.9620450139045715, 0.9619749784469604, 0.9631999731063843, 0.962785005569458, 0.9635199904441833, 0.9639949798583984, 0.9644799828529358, 0.9653750061988831, 0.9653800129890442, 0.9656000137329102, 0.966605007648468, 0.9668300151824951, 0.9670649766921997, 0.9668200016021729, 0.9679800271987915, 0.967490017414093, 0.9680200219154358, 0.9683399796485901, 0.969219982624054, 0.9695450067520142, 0.9698050022125244, 0.9694899916648865, 0.9707949757575989, 0.971340000629425, 0.9710749983787537, 0.9704499840736389, 0.9711549878120422, 0.9713500142097473, 0.9721199870109558, 0.9725649952888489, 0.9721900224685669, 0.9729899764060974, 0.973924994468689, 0.9731299877166748, 0.9741100072860718, 0.9735050201416016, 0.9737550020217896, 0.9736149907112122, 0.9745950102806091], "loss": [0.31080901622772217, 0.18257977068424225, 0.15317142009735107, 0.14094941318035126, 0.13443660736083984, 0.12805141508579254, 0.1247936487197876, 0.12057211995124817, 0.117400623857975, 0.1144665852189064, 0.11410167813301086, 0.11107459664344788, 0.10990140587091446, 0.10740594565868378, 0.10765589773654938, 0.10526078939437866, 0.10374730825424194, 0.10299850255250931, 0.1022924929857254, 0.09961813688278198, 0.09844885766506195, 0.09814150631427765, 0.09693153202533722, 0.09581500291824341, 0.09564846754074097, 0.0941857323050499, 0.0933680459856987, 0.09111681580543518, 0.09065540134906769, 0.0898415595293045, 0.08946041017770767, 0.0869155079126358, 0.08695497363805771, 0.08641576021909714, 0.08596186339855194, 0.08402443677186966, 0.08438874781131744, 0.0828426331281662, 0.08248070627450943, 0.08086522668600082, 0.0800238773226738, 0.07921046018600464, 0.07904299348592758, 0.07629690319299698, 0.07640097290277481, 0.07599630206823349, 0.07711353898048401, 0.0757666528224945, 0.07483001798391342, 0.07284106314182281, 0.07201977074146271, 0.07219856232404709, 0.07092101871967316, 0.06914160400629044, 0.06991175562143326, 0.06858675926923752, 0.06959487497806549, 0.0688481479883194, 0.06942766904830933, 0.0671805888414383], "val_accuracy": [0.9069912433624268, 0.9308837652206421, 0.9357950091362, 0.9405099749565125, 0.9456974864006042, 0.9459637403488159, 0.948562502861023, 0.9492787718772888, 0.9500287771224976, 0.95090252161026, 0.9511075019836426, 0.95169997215271, 0.952201247215271, 0.9518374800682068, 0.9494575262069702, 0.9528424739837646, 0.9540125131607056, 0.9514437317848206, 0.9515137672424316, 0.9531462788581848, 0.9516337513923645, 0.9528787732124329, 0.9544662237167358, 0.9522449970245361, 0.9525949954986572, 0.9538699984550476, 0.9536849856376648, 0.9533724784851074, 0.9514675140380859, 0.9525487422943115, 0.9516624808311462, 0.9518824815750122, 0.9520300030708313, 0.9527274966239929, 0.9502787590026855, 0.951381266117096, 0.9511899948120117, 0.9509812593460083, 0.9521225094795227, 0.9516212344169617, 0.9501475095748901, 0.9508562684059143, 0.9520099759101868, 0.9512400031089783, 0.9513687491416931, 0.9506537318229675, 0.9495099782943726, 0.9509174823760986, 0.9513800144195557, 0.9508312344551086, 0.94744873046875, 0.9498962759971619, 0.9501349925994873, 0.9501500129699707, 0.9486812353134155, 0.9490712285041809, 0.9507462382316589, 0.9498500227928162, 0.9508837461471558, 0.9504550099372864], "val_loss": [0.21354421973228455, 0.16444474458694458, 0.1543167382478714, 0.14487294852733612, 0.13575591146945953, 0.13713505864143372, 0.12877263128757477, 0.12819068133831024, 0.12579330801963806, 0.12439504265785217, 0.12367552518844604, 0.12370244413614273, 0.12285604327917099, 0.12344813346862793, 0.12876851856708527, 0.12171085178852081, 0.1191631481051445, 0.12552094459533691, 0.12566600739955902, 0.12277627736330032, 0.1265157163143158, 0.12344040721654892, 0.11985478550195694, 0.1257629692554474, 0.1259678453207016, 0.12248937785625458, 0.12455272674560547, 0.12581251561641693, 0.1294228881597519, 0.1316584348678589, 0.1290431022644043, 0.13258659839630127, 0.13134035468101501, 0.129879429936409, 0.1360115110874176, 0.13469955325126648, 0.13390658795833588, 0.13619683682918549, 0.13537031412124634, 0.1380539983510971, 0.14319157600402832, 0.13680019974708557, 0.13693787157535553, 0.14217881858348846, 0.14235760271549225, 0.14769473671913147, 0.1451702117919922, 0.14649419486522675, 0.14753000438213348, 0.14671733975410461, 0.15495862066745758, 0.14955425262451172, 0.15259823203086853, 0.15012210607528687, 0.15462805330753326, 0.15755505859851837, 0.14819900691509247, 0.15884123742580414, 0.15986467897891998, 0.15897242724895477]}