{"accuracy": [0.9318569898605347, 0.9542269706726074, 0.9571589827537537, 0.9587479829788208, 0.9596779942512512, 0.960454523563385, 0.96100252866745, 0.9615185260772705, 0.9619690179824829, 0.9622340202331543, 0.962426483631134, 0.9628635048866272, 0.9630249738693237, 0.9632304906845093, 0.963285505771637, 0.963527500629425, 0.9636629819869995, 0.9637680053710938, 0.9638705253601074, 0.9640160202980042, 0.9640489816665649, 0.9642069935798645, 0.9641910195350647, 0.9642475247383118, 0.9644104838371277, 0.9644485116004944, 0.9645419716835022, 0.9645829796791077, 0.9645770192146301, 0.9647179841995239, 0.9646769762039185, 0.9647995233535767, 0.9649159908294678, 0.9647334814071655, 0.9649184942245483, 0.9647560119628906, 0.9650354981422424, 0.9649595022201538, 0.9649814963340759, 0.964946985244751, 0.9651259779930115, 0.9651954770088196, 0.9651100039482117, 0.9651979804039001, 0.9651085138320923, 0.9652900099754333, 0.9651994705200195, 0.9652079939842224, 0.9653704762458801, 0.9653674960136414, 0.9653155207633972, 0.9653159976005554, 0.9653400182723999, 0.9654639959335327, 0.9654409885406494, 0.9654005169868469, 0.9653685092926025, 0.9654405117034912, 0.9654484987258911, 0.9655755162239075], "loss": [0.16131235659122467, 0.1158985048532486, 0.10925561934709549, 0.10603614896535873, 0.10396483540534973, 0.10215050727128983, 0.10103694349527359, 0.09990625083446503, 0.09900657832622528, 0.09827973693609238, 0.09773870557546616, 0.097002774477005, 0.09659719467163086, 0.09634561091661453, 0.09585970640182495, 0.0955243706703186, 0.09545369446277618, 0.09505701810121536, 0.09482282400131226, 0.09471824765205383, 0.09417900443077087, 0.09434063732624054, 0.09396297484636307, 0.09388215839862823, 0.09361725300550461, 0.09341033548116684, 0.09339456260204315, 0.09329216182231903, 0.09324419498443604, 0.09284085035324097, 0.09293460845947266, 0.0927458181977272, 0.09266512840986252, 0.0927252545952797, 0.09250988066196442, 0.09256383031606674, 0.0923720970749855, 0.09232300519943237, 0.0922442153096199, 0.09210490435361862, 0.0920688807964325, 0.09199395775794983, 0.09196371585130692, 0.09188951551914215, 0.09175106883049011, 0.09176972508430481, 0.09171412140130997, 0.0916663333773613, 0.09134059399366379, 0.09145480394363403, 0.09161171317100525, 0.09152849018573761, 0.09146852046251297, 0.0912202000617981, 0.09112554043531418, 0.09123042970895767, 0.09123846143484116, 0.0912102609872818, 0.09116189926862717, 0.09105468541383743], "val_accuracy": [0.9510328769683838, 0.9558616280555725, 0.9582436084747314, 0.9589522480964661, 0.9600911140441895, 0.9603732228279114, 0.9608759880065918, 0.9606301188468933, 0.9623476266860962, 0.9618582725524902, 0.96186363697052, 0.9622563719749451, 0.9625540971755981, 0.9623095989227295, 0.9631785154342651, 0.962150514125824, 0.9629631042480469, 0.9633431434631348, 0.9625635147094727, 0.9633780121803284, 0.9624369740486145, 0.9627640247344971, 0.9636747241020203, 0.9628018736839294, 0.9636171460151672, 0.963762640953064, 0.9640045166015625, 0.9636569023132324, 0.9634477496147156, 0.9635728597640991, 0.9640337228775024, 0.9637293815612793, 0.9632514715194702, 0.9636123776435852, 0.9634107351303101, 0.9634984731674194, 0.9641927480697632, 0.9636828899383545, 0.964137613773346, 0.9639333486557007, 0.9636382460594177, 0.9643513560295105, 0.9628547430038452, 0.9641673564910889, 0.9638915061950684, 0.9644594788551331, 0.9641311168670654, 0.963974118232727, 0.9638733863830566, 0.9640406370162964, 0.963886022567749, 0.9638703465461731, 0.964185893535614, 0.9641234874725342, 0.9640567302703857, 0.9640926122665405, 0.9638271331787109, 0.9630467295646667, 0.9638846516609192, 0.9642602205276489], "val_loss": [0.12240247428417206, 0.11258644610643387, 0.10690341889858246, 0.10577056556940079, 0.1033172681927681, 0.10238631069660187, 0.10230736434459686, 0.10203137248754501, 0.09868791699409485, 0.09950513392686844, 0.09956397116184235, 0.09837889671325684, 0.09747950732707977, 0.09961196780204773, 0.09633805602788925, 0.09917464852333069, 0.09703979641199112, 0.09641437232494354, 0.09840609133243561, 0.09620777517557144, 0.09821634739637375, 0.09931361675262451, 0.09565974771976471, 0.09736988693475723, 0.09589260816574097, 0.09501944482326508, 0.09463004022836685, 0.09638550877571106, 0.09587409347295761, 0.09584789723157883, 0.09501466155052185, 0.09519283473491669, 0.09744630008935928, 0.09560104459524155, 0.09665445238351822, 0.0963335707783699, 0.09558237344026566, 0.09650247544050217, 0.0944405198097229, 0.0948677659034729, 0.09643470495939255, 0.09396904706954956, 0.09781701862812042, 0.09534034132957458, 0.09617725759744644, 0.09384778141975403, 0.09534382820129395, 0.0949549600481987, 0.09547542780637741, 0.09471334517002106, 0.09534163028001785, 0.09575825184583664, 0.09437344968318939, 0.09499966353178024, 0.0953916385769844, 0.09552181512117386, 0.09560896456241608, 0.0980180874466896, 0.09550540894269943, 0.09470890462398529]}