{"accuracy": [0.774025022983551, 0.8276749849319458, 0.8752750158309937], "loss": [0.48463138937950134, 0.3559563159942627, 0.2820451557636261], "val_accuracy": [0.7947312593460083, 0.85589998960495, 0.882437527179718], "val_loss": [0.41691485047340393, 0.31316038966178894, 0.2658681571483612]}