{"accuracy": [0.7646399736404419, 0.8302299976348877, 0.8619149923324585, 0.8673049807548523, 0.8695499897003174, 0.8747749924659729, 0.8802350163459778, 0.8926399946212769, 0.90385502576828, 0.9061750173568726, 0.907509982585907, 0.9112949967384338, 0.9125800132751465, 0.9126799702644348, 0.9131850004196167, 0.91566002368927, 0.9156849980354309, 0.9156649708747864, 0.9142950177192688, 0.9143400192260742, 0.9156649708747864, 0.9162750244140625, 0.9162650108337402, 0.9156550168991089, 0.9157149791717529, 0.9161750078201294, 0.9100250005722046, 0.9099799990653992, 0.9153649806976318, 0.9155700206756592, 0.9148749709129333, 0.9147199988365173, 0.9169700145721436, 0.9173449873924255, 0.9159700274467468, 0.9158400297164917, 0.9149699807167053, 0.9177150130271912, 0.9167600274085999, 0.9168750047683716, 0.9152799844741821, 0.9164050221443176, 0.9168649911880493, 0.9170399904251099, 0.9162350296974182, 0.9163249731063843, 0.9191399812698364, 0.916575014591217, 0.9186000227928162, 0.9190250039100647, 0.9183449745178223, 0.9188299775123596, 0.9189000129699707, 0.9187150001525879, 0.9185000061988831, 0.9196649789810181, 0.9176650047302246, 0.9151250123977661, 0.912559986114502, 0.9116600155830383], "loss": [0.5451095700263977, 0.3500116467475891, 0.3005339801311493, 0.2849281430244446, 0.28068724274635315, 0.2683050334453583, 0.25640055537223816, 0.23904043436050415, 0.2204224169254303, 0.21313880383968353, 0.21048103272914886, 0.20331546664237976, 0.2070642113685608, 0.20609864592552185, 0.20573127269744873, 0.1972508728504181, 0.1946515440940857, 0.19533292949199677, 0.1994916945695877, 0.20015490055084229, 0.19599641859531403, 0.1939750462770462, 0.19271908700466156, 0.1957741230726242, 0.19436493515968323, 0.1942838877439499, 0.21807429194450378, 0.21600991487503052, 0.1977435201406479, 0.1965804547071457, 0.1981661468744278, 0.20204892754554749, 0.1947557032108307, 0.19467858970165253, 0.2019139677286148, 0.19856275618076324, 0.20191171765327454, 0.19438806176185608, 0.19493836164474487, 0.1963990181684494, 0.20003469288349152, 0.19695539772510529, 0.19668041169643402, 0.19455093145370483, 0.19874686002731323, 0.19607195258140564, 0.18908758461475372, 0.19891265034675598, 0.1924830824136734, 0.19126111268997192, 0.19346867501735687, 0.1914888322353363, 0.19104118645191193, 0.19185158610343933, 0.19464097917079926, 0.19075468182563782, 0.19477014243602753, 0.20054581761360168, 0.20504920184612274, 0.21415415406227112], "val_accuracy": [0.785138726234436, 0.8523899912834167, 0.8598424792289734, 0.8714712262153625, 0.8750975131988525, 0.879010021686554, 0.8903487324714661, 0.9047225117683411, 0.9064212441444397, 0.9078887701034546, 0.909647524356842, 0.8978412747383118, 0.9114949703216553, 0.9166474938392639, 0.9132500290870667, 0.9181862473487854, 0.9171937704086304, 0.9192000031471252, 0.9118337631225586, 0.9156462550163269, 0.9178950190544128, 0.9183725118637085, 0.8991299867630005, 0.9150599837303162, 0.9174799919128418, 0.9184650182723999, 0.9094337224960327, 0.9163387417793274, 0.9169937372207642, 0.9195874929428101, 0.9184849858283997, 0.9142274856567383, 0.9214274883270264, 0.9176187515258789, 0.9185662269592285, 0.9160025119781494, 0.9187612533569336, 0.9182624816894531, 0.9183187484741211, 0.9208624958992004, 0.9178812503814697, 0.9163925051689148, 0.9184949994087219, 0.9211925268173218, 0.9175649881362915, 0.9196925163269043, 0.9214012622833252, 0.9188662767410278, 0.9194562435150146, 0.9183487296104431, 0.9187924861907959, 0.91788250207901, 0.9216787219047546, 0.9202912449836731, 0.9187987446784973, 0.9201087355613708, 0.9169137477874756, 0.913928747177124, 0.9182350039482117, 0.893943727016449], "val_loss": [0.3821306526660919, 0.31854763627052307, 0.29439449310302734, 0.27239784598350525, 0.27365514636039734, 0.26213085651397705, 0.2506468594074249, 0.2172412872314453, 0.21215060353279114, 0.20743082463741302, 0.2099439799785614, 0.23925302922725677, 0.20851755142211914, 0.19606484472751617, 0.21623335778713226, 0.19192390143871307, 0.1909250169992447, 0.19136877357959747, 0.21227246522903442, 0.20218171179294586, 0.19548626244068146, 0.1885991394519806, 0.20893119275569916, 0.19493839144706726, 0.18915192782878876, 0.1907130479812622, 0.23532623052597046, 0.19380882382392883, 0.1936841607093811, 0.19110585749149323, 0.19704963266849518, 0.20444174110889435, 0.19050443172454834, 0.1944679468870163, 0.1965726763010025, 0.20988336205482483, 0.18825934827327728, 0.18915654718875885, 0.19111226499080658, 0.19095541536808014, 0.1970944106578827, 0.19980698823928833, 0.1950741410255432, 0.18785682320594788, 0.19464369118213654, 0.1870286762714386, 0.18930278718471527, 0.1914953738451004, 0.19001047313213348, 0.19687619805335999, 0.18653014302253723, 0.19517375528812408, 0.1851532757282257, 0.19170475006103516, 0.1969253122806549, 0.18842796981334686, 0.20134806632995605, 0.221600741147995, 0.2071821093559265, 0.24825240671634674]}