{"accuracy": [0.8674284815788269, 0.8499324917793274, 0.8691915273666382, 0.8713124990463257, 0.8736125230789185, 0.8770449757575989, 0.8772310018539429, 0.8799105286598206, 0.8803930282592773, 0.8712375164031982, 0.8616970181465149, 0.8670775294303894, 0.868835985660553, 0.8700464963912964, 0.8715714812278748, 0.8716225028038025, 0.871882975101471, 0.8717430233955383, 0.8715195059776306, 0.8712610006332397, 0.872051477432251, 0.8714994788169861, 0.8622949719429016, 0.8720510005950928, 0.8716045022010803, 0.8730159997940063, 0.8731120228767395, 0.8732630014419556, 0.8734059929847717, 0.8732060194015503, 0.8733844757080078, 0.872435986995697, 0.8728119730949402, 0.8476355075836182, 0.8741139769554138, 0.8738729953765869, 0.8740825057029724, 0.8735914826393127, 0.8738974928855896, 0.8731449842453003, 0.8735985159873962, 0.8742030262947083, 0.8749064803123474, 0.8750994801521301, 0.8761510252952576, 0.8760474920272827, 0.8761075139045715, 0.8755674958229065, 0.8750640153884888, 0.8762245178222656, 0.8764860033988953, 0.8758785128593445, 0.8769745230674744, 0.8769069910049438, 0.8765864968299866, 0.8757414817810059, 0.8762180209159851, 0.8750389814376831, 0.8751314878463745, 0.8763870000839233], "loss": [0.2832093834877014, 0.29308855533599854, 0.3045176565647125, 0.30345356464385986, 0.29889464378356934, 0.29250839352607727, 0.292573481798172, 0.28624966740608215, 0.28479474782943726, 0.30065423250198364, 0.3159463405609131, 0.3090522885322571, 0.3065442740917206, 0.30626180768013, 0.3025461435317993, 0.3024779260158539, 0.3026876747608185, 0.30273136496543884, 0.30392539501190186, 0.30315008759498596, 0.30120041966438293, 0.30229586362838745, 0.31229841709136963, 0.3034982681274414, 0.3029977083206177, 0.3009890615940094, 0.30054083466529846, 0.3010050058364868, 0.3017578125, 0.3015510141849518, 0.3015217185020447, 0.30230849981307983, 0.3013908863067627, 0.33893123269081116, 0.29852166771888733, 0.2996455729007721, 0.29864320158958435, 0.29997313022613525, 0.2993413209915161, 0.30116572976112366, 0.29982393980026245, 0.2987111210823059, 0.2974105179309845, 0.2978573739528656, 0.29571443796157837, 0.2965110242366791, 0.29668378829956055, 0.29737767577171326, 0.2989763915538788, 0.29688552021980286, 0.2962718605995178, 0.29680323600769043, 0.29585376381874084, 0.29545193910598755, 0.2966645061969757, 0.29855868220329285, 0.2974942624568939, 0.2987031042575836, 0.29834887385368347, 0.29745593667030334], "val_accuracy": [0.9210340976715088, 0.8496878743171692, 0.8778537511825562, 0.8712206482887268, 0.8764894008636475, 0.8751055002212524, 0.8804914951324463, 0.8809107542037964, 0.8804671168327332, 0.8708871006965637, 0.8662163615226746, 0.8696132302284241, 0.8693341016769409, 0.8728488683700562, 0.8734923601150513, 0.8728042244911194, 0.8712149858474731, 0.8731018900871277, 0.8723949790000916, 0.8727957606315613, 0.8742416501045227, 0.8705877661705017, 0.8717643618583679, 0.8646956086158752, 0.8647850155830383, 0.8716108798980713, 0.8750948905944824, 0.8743442296981812, 0.874889612197876, 0.8736566305160522, 0.8696861267089844, 0.8705649971961975, 0.87432861328125, 0.8746585249900818, 0.8744897246360779, 0.8754884004592896, 0.8709784746170044, 0.8750364780426025, 0.8709716200828552, 0.8734153509140015, 0.8748642206192017, 0.8719622492790222, 0.8748391270637512, 0.8768062591552734, 0.8745513558387756, 0.8719170093536377, 0.8787256479263306, 0.8740402460098267, 0.8760708570480347, 0.8781929016113281, 0.8774981498718262, 0.8767157793045044, 0.8774913549423218, 0.8781123757362366, 0.8782283663749695, 0.8768689036369324, 0.87770676612854, 0.8740597367286682, 0.8757966160774231, 0.8759573698043823], "val_loss": [0.1812105029821396, 0.3403419852256775, 0.28736990690231323, 0.30983713269233704, 0.2918229103088379, 0.29921144247055054, 0.28639793395996094, 0.28210046887397766, 0.28334036469459534, 0.30093589425086975, 0.3076910972595215, 0.3061125576496124, 0.3099105954170227, 0.3087327480316162, 0.3051031827926636, 0.3008824288845062, 0.30327463150024414, 0.30357199907302856, 0.30156224966049194, 0.3003409802913666, 0.2991027534008026, 0.30826935172080994, 0.30316105484962463, 0.31093138456344604, 0.3078649938106537, 0.30110353231430054, 0.3016820251941681, 0.29994603991508484, 0.29928699135780334, 0.2993287146091461, 0.30728670954704285, 0.30339157581329346, 0.2990792393684387, 0.2977234423160553, 0.29812365770339966, 0.2970518469810486, 0.30164799094200134, 0.2978995442390442, 0.3057668209075928, 0.3004438877105713, 0.2970738112926483, 0.3089079260826111, 0.29516831040382385, 0.2950478196144104, 0.2961641848087311, 0.29920515418052673, 0.30527031421661377, 0.3026284873485565, 0.29478421807289124, 0.2972073256969452, 0.2952680289745331, 0.29441699385643005, 0.29768213629722595, 0.29315879940986633, 0.2937818467617035, 0.29833513498306274, 0.2961615025997162, 0.2996315658092499, 0.2985885739326477, 0.29632478952407837]}