{"accuracy": [0.7920500040054321, 0.8601999878883362, 0.8887749910354614, 0.9099699854850769, 0.9223300218582153, 0.9301049709320068, 0.9351750016212463, 0.9391549825668335, 0.9420099854469299, 0.944819986820221, 0.9460849761962891, 0.9476950168609619, 0.9490200281143188, 0.9503700137138367, 0.9508500099182129, 0.951740026473999, 0.9523699879646301, 0.9534249901771545, 0.9542649984359741, 0.9549350142478943, 0.9551100134849548, 0.9557449817657471, 0.9565349817276001, 0.9565500020980835, 0.9570199847221375, 0.9574099779129028, 0.9577599763870239, 0.9587950110435486, 0.9586349725723267, 0.9589250087738037, 0.9591349959373474, 0.9588000178337097, 0.9601250290870667, 0.9598349928855896, 0.9604349732398987, 0.9611750245094299, 0.960860013961792, 0.9610599875450134, 0.9611499905586243, 0.9616550207138062, 0.962090015411377, 0.9622049927711487, 0.9628599882125854, 0.962785005569458, 0.9630650281906128, 0.9627400040626526, 0.963379979133606, 0.9632149934768677, 0.9637849926948547, 0.9637799859046936, 0.9643650054931641, 0.9643149971961975, 0.9646900296211243, 0.9650400280952454, 0.9646350145339966, 0.9649749994277954, 0.965399980545044, 0.9649699926376343, 0.9652799963951111, 0.9652299880981445], "loss": [0.4237549304962158, 0.3062523901462555, 0.25275611877441406, 0.21371915936470032, 0.1879568099975586, 0.17124170064926147, 0.15982460975646973, 0.15075914561748505, 0.14549070596694946, 0.1392456442117691, 0.1355866640806198, 0.13220751285552979, 0.129418283700943, 0.1260407716035843, 0.12459538131952286, 0.12283340841531754, 0.12064965814352036, 0.11869000643491745, 0.11698441207408905, 0.11555510014295578, 0.11460405588150024, 0.11344285309314728, 0.1117379367351532, 0.1109437495470047, 0.10981012880802155, 0.10930802673101425, 0.10831195116043091, 0.10759007930755615, 0.10663901269435883, 0.10549405962228775, 0.10488580912351608, 0.10479413717985153, 0.10303933918476105, 0.10301800072193146, 0.1022883728146553, 0.10117476433515549, 0.10113107413053513, 0.10033765435218811, 0.10004576295614243, 0.09935944527387619, 0.09846046566963196, 0.09779205918312073, 0.09686964005231857, 0.0965811237692833, 0.09647586941719055, 0.0964897871017456, 0.09527365863323212, 0.09522050619125366, 0.09429243952035904, 0.09409162402153015, 0.09286320209503174, 0.09340997040271759, 0.09240496903657913, 0.0920528694987297, 0.0916271060705185, 0.09121119230985641, 0.0902896299958229, 0.09063158929347992, 0.09025239199399948, 0.08995554596185684], "val_accuracy": [0.8385262489318848, 0.8780725002288818, 0.8999237418174744, 0.9177037477493286, 0.9265300035476685, 0.9325724840164185, 0.9352574944496155, 0.9390774965286255, 0.9411925077438354, 0.9398487210273743, 0.9423425197601318, 0.9454137682914734, 0.9457337260246277, 0.9465824961662292, 0.9475937485694885, 0.9480937719345093, 0.9473375082015991, 0.9491850137710571, 0.9479950070381165, 0.9499924778938293, 0.9500287771224976, 0.9495350122451782, 0.9508349895477295, 0.9512749910354614, 0.9513537287712097, 0.9478687644004822, 0.9517112374305725, 0.9515699744224548, 0.9517675042152405, 0.9515674710273743, 0.9513362646102905, 0.9525399804115295, 0.9532387256622314, 0.952796220779419, 0.9520662426948547, 0.9530875086784363, 0.9526025056838989, 0.9533487558364868, 0.9530900120735168, 0.953021228313446, 0.9509775042533875, 0.9529787302017212, 0.9533737301826477, 0.9528174996376038, 0.9518625140190125, 0.951981246471405, 0.9520362615585327, 0.9540374875068665, 0.9535187482833862, 0.9511724710464478, 0.9532912373542786, 0.9534775018692017, 0.9541587233543396, 0.9536512494087219, 0.9530637264251709, 0.95355623960495, 0.9525275230407715, 0.9541412591934204, 0.9541850090026855, 0.9536437392234802], "val_loss": [0.3426142930984497, 0.27319201827049255, 0.23051638901233673, 0.19822056591510773, 0.17973797023296356, 0.16552172601222992, 0.15796074271202087, 0.14981378614902496, 0.1468488723039627, 0.1486532837152481, 0.14212562143802643, 0.1361648440361023, 0.13532914221286774, 0.13249315321445465, 0.1304466277360916, 0.129998579621315, 0.13083861768245697, 0.1271842122077942, 0.12948337197303772, 0.12619148194789886, 0.12610825896263123, 0.1266583353281021, 0.12441091984510422, 0.12267281860113144, 0.12349624186754227, 0.12934590876102448, 0.12214304506778717, 0.12238462269306183, 0.12257251143455505, 0.12254390865564346, 0.12341416627168655, 0.1206369549036026, 0.11962388455867767, 0.12013771384954453, 0.1212310865521431, 0.11907156556844711, 0.12072258442640305, 0.12036766856908798, 0.12057895213365555, 0.1203102245926857, 0.1245177611708641, 0.12005022168159485, 0.11981310695409775, 0.11986436694860458, 0.12601780891418457, 0.12386598438024521, 0.12159242480993271, 0.11960045248270035, 0.11932937800884247, 0.12323063611984253, 0.11962968856096268, 0.12018883973360062, 0.11874295026063919, 0.11917465925216675, 0.12083972990512848, 0.12110190093517303, 0.12099035829305649, 0.1196695864200592, 0.12165918946266174, 0.120477594435215]}