{"accuracy": [0.9066230058670044, 0.9498040080070496, 0.9543020129203796, 0.956803023815155, 0.9581995010375977, 0.959474503993988, 0.9604030251502991, 0.9609814882278442, 0.96162348985672, 0.9620044827461243, 0.9624620079994202, 0.9629179835319519, 0.9632704854011536, 0.9634335041046143, 0.9639515280723572, 0.9641515016555786, 0.9643495082855225, 0.9645335078239441, 0.9646919965744019, 0.9648925065994263, 0.965189516544342, 0.9652035236358643, 0.9653699994087219, 0.9655244946479797, 0.965628981590271, 0.9656814932823181, 0.9659425020217896, 0.966091513633728, 0.9661694765090942, 0.9662585258483887, 0.9664134979248047, 0.9664989709854126, 0.9664605259895325, 0.9666845202445984, 0.9667680263519287, 0.9667415022850037, 0.9667794704437256, 0.9670799970626831, 0.9671030044555664, 0.9670155048370361, 0.9671865105628967, 0.9672499895095825, 0.9672405123710632, 0.967519998550415, 0.9673994779586792, 0.9674274921417236, 0.9675800204277039, 0.9675595164299011, 0.9676210284233093, 0.9677140116691589, 0.9678155183792114, 0.9677410125732422, 0.9678084850311279, 0.9678289890289307, 0.967868983745575, 0.9679960012435913, 0.9680349826812744, 0.9680495262145996, 0.9679840207099915, 0.968162477016449], "loss": [0.2163115292787552, 0.12704743444919586, 0.1165807917714119, 0.11093395948410034, 0.10748118907213211, 0.10448914766311646, 0.10251814126968384, 0.10103918612003326, 0.09968211501836777, 0.0984024628996849, 0.09739983081817627, 0.09651997685432434, 0.09561682492494583, 0.09491735696792603, 0.09425464272499084, 0.09370267391204834, 0.09314527362585068, 0.09267076104879379, 0.09220749139785767, 0.09177406877279282, 0.09132146835327148, 0.09097539633512497, 0.09068631380796432, 0.09023135155439377, 0.09000296890735626, 0.08962547779083252, 0.08930961042642593, 0.08906489610671997, 0.08876708894968033, 0.088560551404953, 0.08834557980298996, 0.08811812847852707, 0.08792039006948471, 0.08762908726930618, 0.08734714984893799, 0.08722486346960068, 0.08708733320236206, 0.08683789521455765, 0.08677008002996445, 0.08659487962722778, 0.08631797879934311, 0.08613704144954681, 0.08601871877908707, 0.0858859270811081, 0.08572327345609665, 0.08561176806688309, 0.08546199649572372, 0.0853840708732605, 0.08516392111778259, 0.0850927084684372, 0.08495917916297913, 0.08495020866394043, 0.08483017981052399, 0.08462502062320709, 0.08443356305360794, 0.08443603664636612, 0.08428382873535156, 0.08417046070098877, 0.08410888910293579, 0.08391895890235901], "val_accuracy": [0.9449368715286255, 0.9518277645111084, 0.9560075998306274, 0.9570591449737549, 0.9589630961418152, 0.9590097665786743, 0.9600841403007507, 0.9609864950180054, 0.9608762264251709, 0.9614271521568298, 0.9617653489112854, 0.9623327255249023, 0.9622678756713867, 0.962152898311615, 0.9628747701644897, 0.9629297256469727, 0.9632943868637085, 0.9624301195144653, 0.9634243845939636, 0.9633740186691284, 0.962790846824646, 0.9632214903831482, 0.9638649821281433, 0.9634191393852234, 0.9634391069412231, 0.9634982347488403, 0.9635162353515625, 0.9637672305107117, 0.9634108543395996, 0.9640047550201416, 0.9642509818077087, 0.9641972780227661, 0.9632672667503357, 0.9643577337265015, 0.9644571542739868, 0.9642172455787659, 0.9640831351280212, 0.9640095233917236, 0.9640498757362366, 0.9645017385482788, 0.963708221912384, 0.9643955230712891, 0.9644851088523865, 0.964796245098114, 0.9638559818267822, 0.9644110202789307, 0.9637028574943542, 0.9644531011581421, 0.9645879864692688, 0.9643747210502625, 0.9645946025848389, 0.9643294811248779, 0.9642127752304077, 0.9644292593002319, 0.9642511010169983, 0.9637248516082764, 0.9640225172042847, 0.9645031094551086, 0.9644128680229187, 0.9647112488746643], "val_loss": [0.13776448369026184, 0.12258388102054596, 0.11275240778923035, 0.11124101281166077, 0.10547522455453873, 0.10564934462308884, 0.1027536392211914, 0.10060897469520569, 0.1009603813290596, 0.09976620227098465, 0.09906580299139023, 0.09773584455251694, 0.09787307679653168, 0.09885517507791519, 0.09642966091632843, 0.09646866470575333, 0.09548082202672958, 0.09744001924991608, 0.09509923309087753, 0.09566641598939896, 0.09667745977640152, 0.0957292690873146, 0.09433121979236603, 0.09538226574659348, 0.09518840163946152, 0.09505195170640945, 0.09528081119060516, 0.09415025264024734, 0.09543956816196442, 0.09379738569259644, 0.09331343322992325, 0.09355775266885757, 0.09562863409519196, 0.09351173788309097, 0.09318622946739197, 0.09348343312740326, 0.0938464105129242, 0.09417963027954102, 0.09412799775600433, 0.09308362007141113, 0.09590084850788116, 0.09286639094352722, 0.09274626523256302, 0.0925523191690445, 0.09460945427417755, 0.09319765865802765, 0.09435593336820602, 0.09287677705287933, 0.09254718571901321, 0.0933857187628746, 0.09284680336713791, 0.09364427626132965, 0.09366627037525177, 0.09315012395381927, 0.09325817972421646, 0.09497299045324326, 0.09397345036268234, 0.09351449459791183, 0.09383919835090637, 0.09259948134422302]}